feature,importance
Distancia_Almacen,0.021111393047449835
Monto_Cashback,0.020121796498350608
Dias_Ultima_Compra,0.019741182441004767
Nivel_Satisfaccion,0.01791423496574468
Antiguedad,0.016645521441258505
Numero_Dispositivos,0.0128393808678
Queja,0.01106318193351936
Es_Nuevo,0.0
Tiene_Queja,0.0
Alto_Riesgo,0.0
Satisfaccion_Baja,0.0
